{
  "raw_balanced_acc": 0.9614427860696517,
  "smoothed_balanced_acc": 0.9738805970149254,
  "raw_report": {
    "cylindrical": {
      "precision": 1.0,
      "recall": 0.8905472636815921,
      "f1-score": 0.9421052631578948,
      "support": 201.0
    },
    "lateral": {
      "precision": 0.8893805309734514,
      "recall": 1.0,
      "f1-score": 0.9414519906323185,
      "support": 201.0
    },
    "palm": {
      "precision": 0.9795918367346939,
      "recall": 0.9552238805970149,
      "f1-score": 0.9672544080604534,
      "support": 201.0
    },
    "rest": {
      "precision": 0.9901477832512315,
      "recall": 1.0,
      "f1-score": 0.995049504950495,
      "support": 201.0
    },
    "accuracy": 0.9614427860696517,
    "macro avg": {
      "precision": 0.9647800377398441,
      "recall": 0.9614427860696517,
      "f1-score": 0.9614652917002905,
      "support": 804.0
    },
    "weighted avg": {
      "precision": 0.9647800377398441,
      "recall": 0.9614427860696517,
      "f1-score": 0.9614652917002905,
      "support": 804.0
    }
  },
  "smoothed_report": {
    "cylindrical": {
      "precision": 1.0,
      "recall": 0.9104477611940298,
      "f1-score": 0.953125,
      "support": 201.0
    },
    "lateral": {
      "precision": 0.9348837209302325,
      "recall": 1.0,
      "f1-score": 0.9663461538461539,
      "support": 201.0
    },
    "palm": {
      "precision": 0.9850746268656716,
      "recall": 0.9850746268656716,
      "f1-score": 0.9850746268656716,
      "support": 201.0
    },
    "rest": {
      "precision": 0.9804878048780488,
      "recall": 1.0,
      "f1-score": 0.9901477832512315,
      "support": 201.0
    },
    "accuracy": 0.9738805970149254,
    "macro avg": {
      "precision": 0.9751115381684883,
      "recall": 0.9738805970149254,
      "f1-score": 0.9736733909907642,
      "support": 804.0
    },
    "weighted avg": {
      "precision": 0.9751115381684882,
      "recall": 0.9738805970149254,
      "f1-score": 0.9736733909907642,
      "support": 804.0
    }
  },
  "raw_cm": [
    [
      0.8905472636815921,
      0.07960199004975124,
      0.01990049751243781,
      0.009950248756218905
    ],
    [
      0.0,
      1.0,
      0.0,
      0.0
    ],
    [
      0.0,
      0.04477611940298507,
      0.9552238805970149,
      0.0
    ],
    [
      0.0,
      0.0,
      0.0,
      1.0
    ]
  ],
  "smoothed_cm": [
    [
      0.9104477611940298,
      0.05472636815920398,
      0.014925373134328358,
      0.01990049751243781
    ],
    [
      0.0,
      1.0,
      0.0,
      0.0
    ],
    [
      0.0,
      0.014925373134328358,
      0.9850746268656716,
      0.0
    ],
    [
      0.0,
      0.0,
      0.0,
      1.0
    ]
  ],
  "mean_infer_ms": 0.2419315773910618,
  "std_infer_ms": 0.0826157391827895,
  "n_predictions": 804,
  "class_order": [
    "cylindrical",
    "lateral",
    "palm",
    "rest"
  ]
}